Player,Team,Age,Position,Match_Date,Injury_Start,Injury_End,Performance_Rating,Goals,Result,Injury_Duration,Pre_Injury_Rating,Post_Injury_Rating,Performance_Drop
Player_52,Team D,26,Goalkeeper,2023-06-24,2023-07-07,2023-07-23,8.39,1,Draw,16,9.05,7.66,1.3900000000000006
Player_93,Team B,28,Defender,2023-07-23,2023-07-10,2023-10-19,5.09,1,Win,101,5.92,4.82,1.0999999999999996
Player_15,Team C,32,Defender,2023-06-14,2023-11-04,2023-11-12,6.21,0,Win,8,6.86,6.03,0.8300000000000001
Player_72,Team E,23,Midfielder,2023-11-01,2023-09-13,2023-10-23,7.33,2,Loss,40,7.7,6.75,0.9500000000000002
Player_61,Team A,20,Goalkeeper,2023-04-30,2023-07-02,2023-07-10,6.21,0,Loss,8,6.54,5.37,1.17
Player_21,Team E,34,Defender,2023-02-13,2023-04-27,2023-06-02,7.83,2,Win,36,8.22,7.64,0.580000000000001
Player_83,Team D,22,Forward,2023-11-08,2023-10-09,2023-10-29,7.17,2,Win,20,7.42,6.359999999999999,1.0600000000000005
Player_87,Team E,29,Defender,2023-06-05,2023-07-15,2023-11-19,6.63,2,Draw,127,6.89,5.8,1.0899999999999999
Player_75,Team A,35,Forward,2023-07-26,2023-02-03,2023-02-08,9.27,1,Win,5,10.08,8.74,1.3399999999999999
Player_75,Team D,31,Midfielder,2023-04-18,2023-02-21,2023-06-08,7.84,1,Win,107,8.29,7.6899999999999995,0.5999999999999996
Player_88,Team E,28,Forward,2023-09-08,2023-04-22,2023-04-30,5.58,2,Loss,8,6.07,5.32,0.75
Player_100,Team D,26,Defender,2023-11-30,2023-09-09,2023-10-03,7.52,0,Win,24,8.15,6.779999999999999,1.370000000000001
Player_24,Team B,19,Defender,2023-05-10,2023-03-23,2023-04-14,8.51,2,Loss,22,9.14,7.77,1.370000000000001
Player_3,Team B,29,Defender,2023-10-20,2023-08-20,2023-08-30,8.19,2,Win,10,8.35,7.279999999999999,1.0700000000000003
Player_22,Team E,20,Midfielder,2023-01-20,2023-08-15,2023-10-24,5.77,0,Draw,70,6.619999999999999,5.1499999999999995,1.4699999999999998
Player_53,Team D,20,Midfielder,2023-10-09,2023-08-21,2023-09-07,9.38,2,Win,17,9.64,9.17,0.47000000000000064
Player_2,Team A,18,Goalkeeper,2023-10-12,2023-08-09,2023-10-06,7.02,0,Win,58,7.77,6.81,0.96
Player_88,Team E,25,Defender,2023-01-01,2023-02-11,2023-05-13,5.72,1,Win,91,6.52,4.97,1.5499999999999998
Player_30,Team B,25,Forward,2023-04-29,2023-01-21,2023-08-26,5.81,1,Loss,217,6.55,5.539999999999999,1.0100000000000007
Player_38,Team B,28,Midfielder,2023-02-04,2023-02-11,2023-03-21,5.44,0,Draw,38,6.0600000000000005,5.04,1.0200000000000005
Player_2,Team E,26,Defender,2023-07-17,2023-04-23,2023-09-22,8.62,1,Win,152,8.729999999999999,8.079999999999998,0.6500000000000004
Player_64,Team D,22,Defender,2023-09-02,2023-04-15,2023-06-08,5.55,1,Loss,54,5.97,5.43,0.54
Player_60,Team B,31,Midfielder,2023-02-28,2023-07-11,2023-11-01,5.56,0,Draw,113,6.199999999999999,5.239999999999999,0.96
Player_21,Team D,20,Goalkeeper,2023-11-21,2023-01-17,2023-12-23,8.83,1,Loss,340,9.28,8.36,0.9199999999999999
Player_33,Team B,22,Midfielder,2023-06-10,2023-04-30,2023-05-10,6.55,2,Loss,10,7.43,6.2,1.2299999999999995
Player_76,Team B,22,Midfielder,2023-06-28,2023-05-09,2023-05-22,5.14,2,Draw,13,5.52,4.92,0.5999999999999996
Player_58,Team C,31,Forward,2023-07-25,2023-05-10,2024-01-27,5.23,0,Win,262,5.590000000000001,4.470000000000001,1.12
Player_22,Team B,21,Forward,2023-01-12,2023-03-01,2023-07-28,5.64,1,Loss,149,5.9799999999999995,4.81,1.17
Player_89,Team A,30,Goalkeeper,2023-10-03,2023-02-17,2023-10-20,5.96,2,Loss,245,6.36,5.63,0.7300000000000004
Player_49,Team E,27,Defender,2023-06-30,2023-01-29,2023-06-24,7.99,2,Win,146,8.59,7.19,1.3999999999999995
Player_91,Team E,35,Midfielder,2023-08-30,2023-04-07,2023-06-03,5.71,1,Win,57,6.45,5.26,1.1900000000000004
Player_59,Team D,25,Goalkeeper,2023-08-04,2023-01-10,2023-09-21,5.53,1,Draw,254,6.23,4.970000000000001,1.2599999999999998
Player_42,Team B,25,Forward,2023-09-08,2023-08-30,2023-09-18,8.44,2,Draw,19,9.27,7.569999999999999,1.7000000000000002
Player_92,Team A,24,Midfielder,2023-10-26,2023-11-10,2023-11-26,8.02,2,Draw,16,8.92,7.25,1.67
Player_60,Team D,25,Defender,2023-05-06,2023-08-20,2023-09-10,6.96,0,Win,21,7.79,6.14,1.6500000000000004
Player_80,Team C,31,Forward,2023-08-05,2023-10-04,2023-10-17,7.47,0,Loss,13,7.59,7.25,0.33999999999999986
Player_15,Team D,23,Forward,2023-11-02,2023-10-11,2023-10-30,6.4,2,Loss,19,7.16,6.24,0.9199999999999999
Player_62,Team D,18,Forward,2023-10-12,2023-07-22,2024-01-16,7.17,0,Draw,178,7.46,6.27,1.1900000000000004
Player_62,Team B,32,Goalkeeper,2023-07-04,2023-09-04,2024-02-03,7.28,2,Win,152,7.5,6.83,0.6699999999999999
Player_47,Team C,18,Defender,2023-02-08,2023-10-17,2023-10-26,6.74,2,Loss,9,7.41,6.38,1.0300000000000002
Player_62,Team D,34,Midfielder,2023-08-11,2023-09-21,2023-10-08,9.08,0,Draw,17,9.47,8.33,1.1400000000000006
Player_51,Team A,18,Goalkeeper,2023-07-03,2023-08-02,2023-09-09,5.07,0,Loss,38,5.220000000000001,4.220000000000001,1.0
Player_55,Team A,32,Goalkeeper,2023-06-27,2023-07-19,2023-07-31,8.52,1,Loss,12,8.74,7.64,1.1000000000000005
Player_64,Team E,19,Goalkeeper,2023-10-21,2023-03-20,2023-04-12,5.56,1,Win,23,5.659999999999999,5.18,0.47999999999999954
Player_3,Team C,31,Forward,2023-12-06,2023-12-09,2023-12-28,8.59,1,Win,19,9.5,7.72,1.7800000000000002
Player_51,Team C,25,Defender,2023-05-31,2023-12-10,2023-12-25,7.77,2,Loss,15,7.89,7.63,0.2599999999999998
Player_7,Team E,25,Goalkeeper,2023-05-06,2023-06-22,2023-06-30,8.79,0,Draw,8,9.079999999999998,8.649999999999999,0.4299999999999997
Player_21,Team D,24,Midfielder,2023-10-28,2023-03-10,2023-09-25,5.44,2,Win,199,5.91,4.78,1.13
Player_73,Team C,23,Defender,2023-11-04,2023-03-28,2023-08-22,7.52,0,Loss,147,7.9399999999999995,7.359999999999999,0.5800000000000001
Player_39,Team A,23,Midfielder,2023-12-02,2023-04-11,2023-07-15,7.25,2,Win,95,8.17,6.86,1.3099999999999996
Player_18,Team A,20,Defender,2023-08-22,2023-01-08,2023-07-10,8.18,1,Win,183,8.32,7.47,0.8500000000000005
Player_4,Team B,24,Midfielder,2023-01-08,2023-11-29,2023-12-11,7.4,1,Win,12,7.960000000000001,7.0,0.9600000000000009
Player_89,Team C,25,Forward,2023-12-07,2023-07-19,2023-08-05,7.43,1,Loss,17,8.14,7.17,0.9700000000000006
Player_60,Team D,27,Goalkeeper,2023-05-09,2023-03-28,2023-04-21,6.93,2,Draw,24,7.869999999999999,6.58,1.2899999999999991
Player_14,Team E,32,Midfielder,2023-09-21,2023-02-12,2023-12-12,6.39,0,Draw,303,7.05,5.88,1.17
Player_9,Team E,32,Defender,2023-06-06,2023-04-19,2023-12-27,7.17,0,Draw,252,7.99,6.64,1.3500000000000005
Player_90,Team D,18,Goalkeeper,2023-12-18,2023-06-01,2023-11-22,5.53,1,Win,174,5.71,4.73,0.9799999999999995
Player_53,Team B,24,Goalkeeper,2023-12-24,2023-01-17,2023-04-15,9.33,1,Loss,88,9.78,8.55,1.2299999999999986
Player_2,Team E,21,Defender,2023-01-05,2023-05-13,2023-10-17,8.21,1,Win,157,8.65,7.700000000000001,0.9499999999999993
Player_84,Team C,23,Midfielder,2023-03-27,2023-05-28,2023-07-29,9.29,1,Draw,62,10.19,8.43,1.7599999999999998
Player_92,Team B,18,Forward,2023-06-24,2023-10-04,2023-10-13,6.02,0,Draw,9,6.26,5.819999999999999,0.4400000000000004
Player_60,Team C,22,Forward,2023-10-17,2023-08-20,2023-10-07,8.96,2,Loss,48,9.200000000000001,8.63,0.5700000000000003
Player_71,Team A,18,Midfielder,2023-07-12,2023-11-10,2023-11-26,8.64,2,Win,16,9.040000000000001,7.790000000000001,1.25
Player_44,Team B,21,Goalkeeper,2023-11-07,2023-08-16,2023-09-09,8.05,2,Draw,24,8.200000000000001,7.61,0.5900000000000007
Player_8,Team E,19,Goalkeeper,2023-04-29,2023-05-19,2023-05-24,7.81,2,Loss,5,8.07,6.83,1.2400000000000002
Player_47,Team B,27,Goalkeeper,2023-08-06,2023-07-30,2024-01-04,6.42,1,Win,158,7.39,5.9,1.4899999999999993
Player_35,Team B,22,Goalkeeper,2023-04-24,2023-01-28,2023-10-15,8.67,1,Win,260,9.16,7.859999999999999,1.3000000000000007
Player_78,Team B,27,Midfielder,2023-05-25,2023-02-20,2023-12-25,7.26,1,Draw,308,7.93,6.8,1.13
Player_81,Team B,18,Goalkeeper,2023-01-26,2023-09-18,2023-10-25,5.32,2,Draw,37,6.07,4.84,1.2300000000000004
Player_36,Team C,23,Defender,2023-05-16,2023-09-18,2023-10-08,6.41,1,Win,20,6.84,5.97,0.8700000000000001
Player_50,Team A,30,Goalkeeper,2023-10-30,2023-12-16,2023-12-23,9.21,1,Win,7,9.440000000000001,8.46,0.9800000000000004
Player_4,Team D,32,Forward,2023-08-20,2023-12-18,2024-01-11,8.83,0,Draw,24,9.12,8.24,0.879999999999999
Player_2,Team B,21,Goalkeeper,2023-03-17,2023-01-08,2023-09-11,9.42,0,Win,246,9.8,8.47,1.33
Player_6,Team E,30,Midfielder,2023-11-24,2023-11-16,2023-11-23,7.83,1,Draw,7,8.5,7.5,1.0
Player_54,Team B,32,Forward,2023-12-11,2023-05-18,2023-05-23,6.11,0,Win,5,6.57,5.92,0.6500000000000004
Player_4,Team E,25,Midfielder,2023-10-29,2023-02-07,2023-08-27,5.73,0,Draw,201,5.840000000000001,5.28,0.5600000000000005
Player_54,Team C,22,Midfielder,2023-10-16,2023-04-21,2023-06-15,5.84,1,Loss,55,6.41,5.18,1.2300000000000004
Player_93,Team E,32,Forward,2023-01-01,2023-08-08,2023-08-29,5.09,1,Draw,21,6.02,4.22,1.7999999999999998
Player_63,Team D,21,Midfielder,2023-05-27,2023-12-03,2023-12-09,6.76,1,Draw,6,7.59,6.35,1.2400000000000002
Player_18,Team A,29,Midfielder,2023-10-14,2023-08-11,2023-10-09,5.86,1,Loss,59,6.7,5.17,1.5300000000000002
Player_90,Team E,30,Goalkeeper,2023-05-22,2023-05-16,2023-12-24,6.85,2,Win,222,7.67,6.43,1.2400000000000002
Player_44,Team E,19,Defender,2023-02-22,2023-09-13,2023-09-25,9.21,2,Loss,12,9.600000000000001,8.55,1.0500000000000007
Player_34,Team A,21,Midfielder,2023-10-31,2023-12-26,2024-01-15,6.94,1,Draw,20,7.73,6.04,1.6900000000000004
Player_74,Team D,21,Midfielder,2023-03-10,2023-11-25,2023-12-18,8.95,0,Win,23,9.18,8.639999999999999,0.5400000000000009
Player_62,Team B,28,Midfielder,2023-12-27,2023-02-18,2023-02-23,7.72,1,Loss,5,8.41,7.26,1.1500000000000004
Player_100,Team E,22,Goalkeeper,2023-03-31,2023-10-19,2023-11-16,6.11,1,Win,28,6.79,5.12,1.67
Player_14,Team A,28,Defender,2023-08-08,2023-11-20,2023-11-26,6.6,0,Win,6,6.72,5.72,1.0
Player_95,Team C,27,Forward,2023-07-11,2023-03-19,2023-06-30,5.38,2,Loss,103,6.1899999999999995,4.77,1.42
Player_48,Team A,25,Goalkeeper,2023-03-04,2023-04-15,2023-08-02,6.5,1,Win,109,7.41,5.9399999999999995,1.4700000000000006
Player_15,Team C,23,Goalkeeper,2023-03-14,2023-06-18,2023-07-04,8.05,1,Loss,16,8.39,7.69,0.7000000000000002
Player_72,Team D,23,Defender,2023-06-10,2023-08-05,2023-08-21,5.32,2,Draw,16,6.15,4.75,1.4000000000000004
Player_78,Team B,25,Defender,2023-06-18,2023-04-29,2023-11-30,5.92,2,Win,215,6.09,5.06,1.0300000000000002
Player_87,Team A,32,Goalkeeper,2023-03-30,2023-07-09,2023-08-02,6.72,0,Draw,24,7.359999999999999,6.0,1.3599999999999994
Player_62,Team E,31,Forward,2023-06-25,2023-09-12,2023-11-18,9.42,2,Draw,67,9.96,9.06,0.9000000000000004
Player_40,Team D,28,Goalkeeper,2023-09-26,2023-09-23,2023-10-04,8.53,2,Win,11,9.12,8.25,0.8699999999999992
Player_85,Team A,29,Defender,2023-03-14,2023-05-29,2023-06-06,8.3,2,Loss,8,9.23,7.960000000000001,1.2699999999999996
Player_80,Team E,30,Forward,2023-09-02,2023-06-13,2024-01-20,5.52,0,Win,221,6.3999999999999995,5.27,1.13
Player_82,Team A,25,Defender,2023-03-18,2023-05-20,2023-09-26,8.51,2,Draw,129,9.32,8.32,1.0
Player_53,Team C,35,Forward,2023-06-08,2023-12-13,2024-01-03,8.53,2,Draw,21,8.879999999999999,8.049999999999999,0.8300000000000001
Player_24,Team A,18,Midfielder,2023-11-20,2023-09-15,2023-10-02,7.7,0,Loss,17,8.620000000000001,7.5,1.120000000000001
Player_26,Team A,32,Defender,2023-04-08,2023-09-26,2023-10-11,9.46,2,Win,15,9.65,9.21,0.4399999999999995
Player_89,Team A,25,Defender,2023-04-12,2023-06-30,2023-07-17,6.46,2,Draw,17,7.33,5.87,1.46
Player_60,Team D,28,Goalkeeper,2023-05-12,2023-06-09,2023-09-09,9.24,0,Draw,92,9.64,8.99,0.6500000000000004
Player_41,Team A,29,Defender,2023-04-12,2023-12-17,2024-01-10,9.12,1,Draw,24,9.27,8.959999999999999,0.3100000000000005
Player_29,Team E,29,Defender,2023-01-19,2023-10-15,2023-11-03,5.05,0,Loss,19,5.75,4.66,1.0899999999999999
Player_15,Team C,21,Midfielder,2023-03-23,2023-10-15,2023-11-01,7.03,2,Draw,17,7.34,6.73,0.6099999999999994
Player_45,Team C,33,Defender,2023-10-06,2023-08-14,2023-08-29,9.4,2,Draw,15,9.72,8.84,0.8800000000000008
Player_65,Team A,21,Midfielder,2023-12-05,2023-01-11,2024-01-10,5.46,2,Win,364,5.84,5.27,0.5700000000000003
Player_89,Team D,22,Midfielder,2023-12-31,2023-01-10,2023-03-21,7.47,0,Win,70,7.63,6.6899999999999995,0.9400000000000004
Player_71,Team D,22,Midfielder,2023-11-27,2023-09-28,2023-10-22,9.41,2,Draw,24,9.67,8.49,1.1799999999999997
Player_9,Team E,25,Midfielder,2023-05-09,2023-09-30,2023-10-12,7.5,2,Draw,12,7.6,6.73,0.8699999999999992
Player_88,Team A,27,Forward,2023-12-10,2023-07-02,2023-07-16,5.85,0,Win,14,6.35,5.27,1.08
Player_1,Team C,34,Goalkeeper,2023-11-06,2023-06-02,2023-12-17,7.62,1,Loss,198,7.8,6.75,1.0499999999999998
Player_8,Team D,26,Forward,2023-03-30,2023-11-11,2023-12-04,5.92,1,Loss,23,6.63,5.1899999999999995,1.4400000000000004
Player_88,Team A,31,Defender,2023-08-01,2023-11-30,2023-12-15,7.34,2,Loss,15,7.6499999999999995,7.2299999999999995,0.41999999999999993
Player_63,Team D,25,Forward,2023-05-23,2023-05-04,2023-07-01,5.33,0,Loss,58,6.28,4.88,1.4000000000000004
Player_11,Team D,26,Forward,2023-03-06,2023-04-24,2023-05-07,7.72,2,Loss,13,8.6,6.85,1.75
Player_81,Team C,28,Defender,2023-03-17,2023-10-05,2023-12-27,7.33,0,Loss,83,7.69,6.92,0.7700000000000005
Player_8,Team B,18,Defender,2023-07-18,2023-08-01,2023-08-24,8.33,0,Loss,23,9.13,8.2,0.9300000000000015
Player_35,Team E,31,Defender,2023-05-23,2023-06-21,2023-10-22,7.84,1,Loss,123,8.66,7.07,1.5899999999999999
Player_35,Team E,22,Forward,2023-11-12,2023-10-15,2023-12-24,7.47,1,Win,70,8.459999999999999,6.6499999999999995,1.8099999999999996
Player_33,Team C,31,Forward,2023-04-03,2023-06-23,2023-10-09,8.1,0,Loss,108,8.74,7.859999999999999,0.8800000000000008
Player_5,Team D,21,Defender,2023-11-01,2023-04-23,2023-06-27,5.65,2,Loss,65,5.82,5.07,0.75
Player_41,Team A,18,Goalkeeper,2023-08-12,2023-05-02,2023-05-18,7.68,1,Loss,16,8.36,7.41,0.9499999999999993
Player_28,Team D,25,Goalkeeper,2023-10-18,2023-02-01,2023-08-21,5.77,2,Draw,201,6.43,5.02,1.4100000000000001
Player_7,Team C,32,Midfielder,2023-04-12,2023-08-10,2023-08-25,9.16,1,Win,15,9.83,8.82,1.0099999999999998
Player_73,Team E,32,Defender,2023-09-24,2023-04-29,2023-05-13,5.31,1,Win,14,5.6899999999999995,4.93,0.7599999999999998
Player_72,Team D,26,Midfielder,2023-12-21,2023-02-08,2023-05-09,6.94,2,Win,90,7.8100000000000005,6.08,1.7300000000000004
Player_12,Team E,26,Goalkeeper,2023-04-20,2023-09-25,2023-10-28,8.13,1,Loss,33,9.09,7.6000000000000005,1.4899999999999993
Player_34,Team A,27,Midfielder,2023-11-26,2023-08-21,2023-08-23,7.06,1,Loss,2,7.359999999999999,6.359999999999999,1.0
Player_33,Team E,26,Defender,2023-09-22,2023-01-18,2023-10-19,5.41,2,Draw,274,5.59,4.95,0.6399999999999997
Player_48,Team E,20,Defender,2023-01-03,2023-05-29,2023-07-09,7.49,1,Win,41,7.7700000000000005,7.12,0.6500000000000004
Player_23,Team B,28,Defender,2023-03-26,2023-05-29,2023-12-20,7.89,1,Loss,205,8.73,7.2299999999999995,1.5000000000000009
Player_62,Team B,23,Forward,2023-10-09,2023-05-06,2023-08-06,8.17,1,Win,92,8.879999999999999,7.93,0.9499999999999993
Player_88,Team B,19,Midfielder,2023-11-24,2023-10-29,2023-11-22,6.68,2,Draw,24,7.35,6.239999999999999,1.1100000000000003
Player_37,Team E,24,Goalkeeper,2023-10-31,2023-12-26,2024-01-05,7.54,0,Draw,10,8.0,7.25,0.75
Player_99,Team C,35,Goalkeeper,2023-04-27,2023-08-26,2023-10-13,7.03,2,Draw,48,7.65,6.300000000000001,1.3499999999999996
Player_44,Team E,19,Goalkeeper,2023-08-09,2023-05-15,2023-05-22,8.02,0,Win,7,8.4,7.069999999999999,1.330000000000001
Player_86,Team C,34,Forward,2023-06-03,2023-05-31,2023-06-08,7.63,1,Loss,8,8.16,6.63,1.5300000000000002
Player_91,Team C,28,Forward,2023-06-02,2023-08-24,2023-10-24,7.37,0,Loss,61,8.18,6.86,1.3199999999999994
Player_35,Team B,29,Defender,2023-01-12,2023-08-12,2023-08-24,6.12,2,Draw,12,7.1,5.79,1.3099999999999996
Player_65,Team D,24,Goalkeeper,2023-05-13,2023-07-22,2023-11-28,5.01,2,Loss,129,5.949999999999999,4.51,1.4399999999999995
Player_99,Team A,23,Forward,2023-10-31,2023-09-13,2023-10-07,5.78,1,Draw,24,6.720000000000001,4.92,1.8000000000000007
Player_47,Team B,18,Defender,2023-10-20,2023-03-27,2023-11-01,5.53,0,Win,219,5.99,5.24,0.75
Player_78,Team B,34,Goalkeeper,2023-10-27,2023-05-30,2023-10-27,7.02,1,Draw,150,7.539999999999999,6.06,1.4799999999999995
Player_3,Team D,28,Midfielder,2023-08-16,2023-08-23,2023-12-19,7.76,1,Win,118,8.5,7.35,1.1500000000000004
Player_1,Team A,35,Defender,2023-09-28,2023-12-11,2023-12-22,5.96,2,Draw,11,6.89,4.97,1.92
Player_5,Team E,34,Forward,2023-02-12,2023-01-22,2023-11-26,9.23,0,Loss,308,9.46,8.38,1.08
Player_90,Team E,24,Forward,2023-12-09,2023-12-14,2023-12-30,5.03,0,Loss,16,5.4,4.2,1.2000000000000002
Player_14,Team B,34,Defender,2023-11-22,2023-10-12,2023-10-22,8.48,0,Draw,10,8.71,8.09,0.620000000000001
Player_27,Team A,26,Defender,2023-10-29,2023-09-26,2023-10-14,7.81,0,Loss,18,8.459999999999999,7.699999999999999,0.7599999999999998
Player_9,Team B,34,Forward,2023-12-30,2023-09-15,2023-12-02,6.68,1,Loss,78,7.06,6.239999999999999,0.8200000000000003
Player_79,Team C,25,Midfielder,2023-01-21,2023-01-29,2023-09-12,5.23,1,Loss,226,5.62,4.86,0.7599999999999998
Player_15,Team B,34,Goalkeeper,2023-04-17,2023-08-01,2023-12-12,7.82,2,Win,133,7.98,7.69,0.29000000000000004
Player_90,Team B,24,Midfielder,2023-12-02,2023-10-10,2023-10-19,6.74,1,Loss,9,7.15,6.19,0.96
Player_42,Team E,18,Defender,2023-10-30,2023-02-19,2023-02-19,9.21,1,Win,0,10.090000000000002,8.75,1.3400000000000016
Player_77,Team E,30,Midfielder,2023-04-27,2023-04-05,2023-08-17,7.44,2,Draw,134,7.75,6.7700000000000005,0.9799999999999995
Player_51,Team E,34,Forward,2023-05-04,2023-03-29,2023-04-10,9.23,2,Loss,12,9.96,8.57,1.3900000000000006
Player_63,Team C,30,Defender,2023-10-08,2023-02-13,2023-10-06,5.99,2,Loss,235,6.66,5.78,0.8799999999999999
Player_96,Team E,33,Goalkeeper,2023-10-19,2023-10-05,2023-10-13,8.27,1,Loss,8,9.15,7.289999999999999,1.8600000000000012
Player_52,Team A,25,Forward,2023-07-22,2023-06-20,2024-01-19,7.78,1,Draw,213,8.0,7.51,0.4900000000000002
Player_96,Team D,35,Forward,2023-02-20,2023-07-08,2023-07-29,8.33,2,Win,21,9.31,7.83,1.4800000000000004
Player_4,Team A,18,Goalkeeper,2023-09-28,2023-12-19,2023-12-30,5.97,2,Win,11,6.59,5.43,1.1600000000000001
Player_94,Team A,31,Goalkeeper,2023-11-20,2023-07-03,2023-07-21,7.99,2,Loss,18,8.99,7.16,1.83
Player_23,Team E,32,Midfielder,2023-10-04,2023-01-03,2023-05-08,7.24,1,Draw,125,8.16,7.05,1.1100000000000003
Player_15,Team D,35,Defender,2023-05-21,2023-07-10,2023-07-23,8.34,1,Draw,13,8.64,7.85,0.7900000000000009
Player_43,Team D,19,Goalkeeper,2023-10-02,2023-04-28,2023-10-01,6.47,0,Draw,156,6.62,5.8,0.8200000000000003
Player_29,Team D,34,Goalkeeper,2023-10-17,2023-01-19,2023-07-19,9.01,1,Draw,181,9.34,8.72,0.6199999999999992
Player_36,Team C,35,Defender,2023-11-30,2023-01-23,2023-02-08,5.38,1,Draw,16,5.95,4.72,1.2300000000000004
Player_13,Team E,23,Goalkeeper,2023-02-21,2023-01-30,2023-03-13,8.63,1,Win,42,8.88,7.700000000000001,1.1799999999999997
Player_32,Team D,21,Goalkeeper,2023-01-27,2023-10-22,2023-11-14,8.88,2,Win,23,9.13,7.880000000000001,1.25
Player_71,Team C,18,Midfielder,2023-06-06,2023-04-18,2023-10-16,8.68,1,Win,181,9.2,8.549999999999999,0.6500000000000004
Player_59,Team B,25,Forward,2023-08-27,2023-10-08,2023-10-16,7.31,2,Loss,8,7.4399999999999995,7.0,0.4399999999999995
Player_86,Team B,24,Forward,2023-06-05,2023-05-08,2023-10-24,6.97,0,Draw,169,7.18,6.59,0.5899999999999999
Player_28,Team C,20,Forward,2023-10-18,2023-08-17,2023-09-04,9.48,0,Loss,18,9.950000000000001,9.02,0.9300000000000015
Player_66,Team C,27,Forward,2023-05-16,2023-04-21,2023-04-28,6.03,2,Draw,7,6.19,5.71,0.4800000000000004
Player_42,Team E,27,Goalkeeper,2023-05-24,2023-05-16,2023-10-13,7.46,2,Win,150,7.92,7.18,0.7400000000000002
Player_45,Team E,31,Defender,2023-04-16,2023-12-28,2024-01-04,8.02,2,Loss,7,8.549999999999999,7.06,1.4899999999999993
Player_62,Team B,19,Defender,2023-06-07,2023-07-05,2023-12-05,8.15,1,Win,153,8.66,7.220000000000001,1.4399999999999995
Player_57,Team D,18,Midfielder,2023-05-26,2023-05-24,2023-11-27,5.92,0,Draw,187,6.8,5.78,1.0199999999999996
Player_6,Team B,35,Midfielder,2023-01-02,2023-03-13,2023-10-28,7.94,2,Draw,229,8.52,7.54,0.9799999999999995
Player_28,Team D,24,Goalkeeper,2023-03-18,2023-05-09,2024-01-17,8.68,1,Draw,253,9.2,8.219999999999999,0.9800000000000004
Player_28,Team D,25,Defender,2023-05-12,2023-12-30,2024-01-18,5.23,0,Win,19,5.7,4.91,0.79
Player_44,Team E,18,Defender,2023-03-31,2023-09-18,2023-10-06,9.1,1,Draw,18,9.94,8.43,1.5099999999999998
Player_84,Team A,20,Forward,2023-12-11,2023-01-03,2023-12-18,5.13,0,Win,349,6.04,4.45,1.5899999999999999
Player_30,Team A,25,Goalkeeper,2023-12-16,2023-04-14,2023-04-24,6.6,1,Loss,10,7.47,5.7299999999999995,1.7400000000000002
Player_62,Team C,32,Goalkeeper,2023-09-20,2023-08-12,2023-08-25,5.07,0,Draw,13,5.78,4.300000000000001,1.4799999999999995
Player_75,Team E,22,Forward,2023-12-17,2023-11-16,2023-12-05,5.35,0,Draw,19,5.569999999999999,4.76,0.8099999999999996
Player_92,Team D,20,Goalkeeper,2023-04-18,2023-12-28,2024-01-21,9.1,1,Draw,24,9.45,8.41,1.0399999999999991
Player_89,Team A,18,Goalkeeper,2023-03-15,2023-12-20,2023-12-30,6.6,2,Loss,10,6.739999999999999,6.25,0.4899999999999993
Player_62,Team D,32,Midfielder,2023-02-08,2023-01-10,2023-12-22,6.91,0,Draw,346,7.85,6.28,1.5699999999999994
Player_97,Team A,25,Defender,2023-06-08,2023-10-29,2023-12-23,5.97,2,Win,55,6.66,5.43,1.2300000000000004
Player_1,Team A,19,Goalkeeper,2023-03-12,2023-08-19,2023-09-09,7.69,1,Win,21,8.46,7.470000000000001,0.9900000000000002
Player_27,Team A,20,Midfielder,2023-11-08,2023-08-07,2023-08-29,7.68,2,Draw,22,8.06,7.359999999999999,0.7000000000000011
Player_62,Team E,31,Defender,2023-08-29,2023-03-07,2023-03-11,6.67,2,Draw,4,7.53,6.31,1.2200000000000006
Player_77,Team B,31,Forward,2023-10-25,2023-04-22,2023-05-05,6.5,2,Loss,13,6.83,5.57,1.2599999999999998
Player_3,Team D,28,Midfielder,2023-02-05,2023-01-13,2024-01-17,8.98,2,Loss,369,9.08,8.67,0.41000000000000014
Player_70,Team E,33,Midfielder,2023-03-25,2023-03-27,2023-06-28,6.72,2,Loss,93,7.16,6.359999999999999,0.8000000000000007
Player_72,Team E,21,Defender,2023-09-20,2023-08-22,2023-09-02,7.22,0,Draw,11,7.83,6.79,1.04
Player_27,Team E,22,Forward,2023-11-06,2023-03-31,2023-11-26,6.27,0,Loss,240,6.8,5.569999999999999,1.2300000000000004
Player_9,Team E,31,Midfielder,2023-06-21,2023-11-10,2023-12-02,8.54,0,Loss,22,9.42,8.329999999999998,1.0900000000000016
Player_62,Team E,33,Goalkeeper,2023-06-22,2023-02-23,2023-09-28,6.79,1,Win,217,6.98,5.83,1.1500000000000004
Player_37,Team C,35,Goalkeeper,2023-12-28,2023-01-12,2023-02-01,7.31,2,Loss,20,7.909999999999999,6.43,1.4799999999999995
Player_97,Team D,24,Goalkeeper,2023-02-16,2023-07-28,2023-11-20,6.14,0,Win,115,6.699999999999999,5.52,1.1799999999999997
Player_51,Team E,27,Forward,2023-05-21,2023-01-14,2023-03-01,9.44,1,Win,46,9.79,8.73,1.0599999999999987
Player_44,Team D,24,Midfielder,2023-04-28,2023-05-01,2023-10-20,6.31,0,Loss,172,7.1499999999999995,6.199999999999999,0.9500000000000002
Player_24,Team C,18,Goalkeeper,2023-10-04,2023-01-20,2023-07-11,8.47,0,Win,172,9.25,8.06,1.1899999999999995
Player_79,Team C,33,Forward,2023-08-02,2023-03-16,2023-07-04,6.92,2,Draw,110,7.68,6.1,1.58
Player_59,Team D,21,Goalkeeper,2023-08-08,2023-08-31,2023-09-21,5.93,1,Draw,21,6.819999999999999,5.76,1.0599999999999996
Player_32,Team A,35,Defender,2023-01-26,2023-08-11,2023-11-20,8.6,2,Loss,101,9.35,8.25,1.0999999999999996
Player_96,Team B,19,Midfielder,2023-01-09,2023-03-11,2023-12-27,6.5,2,Draw,291,6.81,5.87,0.9399999999999995
Player_88,Team A,18,Midfielder,2023-09-28,2023-11-08,2023-11-16,8.89,0,Win,8,9.63,8.56,1.0700000000000003
Player_52,Team A,32,Forward,2023-01-10,2023-07-30,2023-10-13,9.12,2,Draw,75,9.5,8.18,1.3200000000000003
Player_62,Team A,22,Forward,2023-05-01,2023-04-11,2023-04-23,8.87,1,Loss,12,9.19,8.649999999999999,0.5400000000000009
Player_58,Team E,28,Midfielder,2023-05-05,2023-07-05,2023-07-27,5.16,2,Loss,22,5.33,4.34,0.9900000000000002
Player_52,Team C,27,Goalkeeper,2023-06-19,2023-05-12,2024-01-15,8.54,2,Win,248,9.309999999999999,7.979999999999999,1.33
Player_12,Team A,19,Goalkeeper,2023-03-13,2023-04-21,2023-07-26,6.85,2,Loss,96,7.59,6.069999999999999,1.5200000000000005
Player_39,Team C,20,Defender,2023-06-01,2023-05-12,2023-07-09,8.93,0,Draw,58,9.24,8.549999999999999,0.6900000000000013
Player_2,Team D,29,Goalkeeper,2023-07-27,2023-01-20,2023-12-25,7.87,1,Loss,339,8.64,7.3100000000000005,1.33
Player_3,Team B,22,Forward,2023-02-18,2023-01-24,2024-01-07,8.75,0,Win,348,9.68,7.88,1.7999999999999998
Player_56,Team D,22,Forward,2023-06-03,2023-08-15,2023-10-06,7.25,0,Loss,52,7.45,6.73,0.7199999999999998
Player_81,Team D,23,Goalkeeper,2023-12-13,2023-06-03,2023-06-27,7.41,0,Draw,24,7.72,6.99,0.7299999999999995
Player_59,Team E,26,Forward,2023-10-20,2023-10-20,2023-11-04,5.65,0,Win,15,6.430000000000001,5.07,1.3600000000000003
Player_2,Team B,19,Midfielder,2023-03-09,2023-08-18,2023-09-29,8.53,0,Draw,42,8.879999999999999,7.779999999999999,1.0999999999999996
Player_2,Team D,29,Midfielder,2023-02-19,2023-11-06,2023-11-28,6.89,1,Win,22,7.55,6.39,1.1600000000000001
Player_92,Team D,20,Goalkeeper,2023-06-01,2023-12-25,2024-01-14,7.25,2,Loss,20,7.42,6.3100000000000005,1.1099999999999994
Player_54,Team B,29,Midfielder,2023-01-19,2023-07-21,2023-08-03,8.53,0,Win,13,9.04,8.16,0.879999999999999
Player_87,Team B,34,Midfielder,2023-04-10,2023-02-07,2023-03-27,7.69,0,Win,48,8.46,7.16,1.3000000000000007
Player_96,Team D,27,Defender,2023-03-01,2023-09-17,2023-11-03,5.9,1,Loss,47,6.62,5.12,1.5
Player_97,Team B,31,Defender,2023-06-16,2023-07-07,2023-10-06,7.66,1,Draw,91,8.49,6.94,1.5499999999999998
Player_1,Team D,34,Midfielder,2023-07-21,2023-02-26,2023-08-20,6.83,2,Loss,175,7.72,5.95,1.7699999999999996
Player_19,Team D,35,Goalkeeper,2023-12-11,2023-01-20,2023-10-24,7.11,1,Win,277,7.91,6.11,1.7999999999999998
Player_2,Team E,34,Defender,2023-05-26,2023-09-30,2023-10-20,5.13,2,Loss,20,5.83,4.65,1.1799999999999997
Player_53,Team A,31,Forward,2023-06-13,2023-04-29,2024-01-25,5.95,0,Win,271,6.08,5.75,0.33000000000000007
Player_44,Team D,26,Forward,2023-08-30,2023-03-12,2023-04-09,6.26,0,Loss,28,6.84,6.13,0.71
Player_90,Team C,25,Forward,2023-03-10,2023-01-04,2023-05-15,8.21,2,Loss,131,8.340000000000002,7.460000000000001,0.8800000000000008
Player_32,Team A,19,Goalkeeper,2023-06-24,2023-08-09,2023-09-19,5.05,1,Draw,41,5.88,4.16,1.7199999999999998
Player_70,Team A,30,Midfielder,2023-02-18,2023-01-14,2024-01-08,6.84,2,Win,359,7.2299999999999995,6.54,0.6899999999999995
Player_32,Team A,24,Forward,2023-04-18,2023-01-03,2023-06-05,9.16,1,Draw,153,9.77,8.92,0.8499999999999996
Player_68,Team E,26,Goalkeeper,2023-08-14,2023-08-04,2023-11-26,5.5,0,Win,114,5.85,5.34,0.5099999999999998
Player_55,Team D,28,Defender,2023-06-10,2023-08-17,2023-09-23,7.32,1,Loss,37,8.120000000000001,6.48,1.6400000000000006
Player_75,Team E,31,Midfielder,2023-04-29,2023-12-02,2023-12-13,8.54,2,Win,11,9.44,8.159999999999998,1.2800000000000011
Player_56,Team D,21,Defender,2023-05-29,2023-07-05,2023-11-29,9.24,2,Draw,147,9.700000000000001,8.78,0.9200000000000017
Player_17,Team E,30,Goalkeeper,2023-05-30,2023-02-24,2023-07-12,8.36,0,Draw,138,9.24,7.81,1.4300000000000006
Player_38,Team E,19,Forward,2023-10-20,2023-09-11,2023-09-22,8.24,1,Draw,11,8.58,7.38,1.2000000000000002
Player_24,Team C,22,Forward,2023-05-23,2023-01-24,2023-08-10,8.72,1,Win,198,9.3,8.030000000000001,1.2699999999999996
Player_69,Team E,28,Goalkeeper,2023-06-09,2023-06-11,2023-06-28,7.01,1,Draw,17,7.88,6.359999999999999,1.5200000000000005
Player_98,Team B,23,Forward,2023-01-11,2023-06-07,2023-11-28,8.63,0,Draw,174,9.020000000000001,8.370000000000001,0.6500000000000004
Player_70,Team C,35,Midfielder,2023-05-18,2023-03-23,2023-07-14,5.04,1,Draw,113,6.0,4.48,1.5199999999999996
Player_86,Team E,27,Goalkeeper,2023-03-19,2023-06-08,2023-06-09,9.16,2,Loss,1,9.370000000000001,8.42,0.9500000000000011
Player_11,Team A,21,Defender,2023-03-18,2023-07-07,2023-07-19,6.99,1,Loss,12,7.11,6.01,1.1000000000000005
Player_16,Team B,26,Goalkeeper,2023-09-11,2023-03-01,2024-01-08,7.49,0,Win,313,8.4,7.21,1.1900000000000004
Player_97,Team B,23,Midfielder,2023-09-15,2023-11-01,2023-11-10,6.15,1,Win,9,6.3100000000000005,6.04,0.27000000000000046
Player_73,Team B,19,Midfielder,2023-11-16,2023-11-15,2023-11-23,8.34,1,Draw,8,9.33,8.17,1.1600000000000001
Player_59,Team C,34,Goalkeeper,2023-10-18,2023-07-30,2023-12-23,5.34,2,Loss,146,6.3,4.8999999999999995,1.4000000000000004
Player_70,Team E,22,Goalkeeper,2023-09-20,2023-06-01,2023-10-03,8.93,1,Draw,124,9.15,8.09,1.0600000000000005
Player_80,Team E,23,Forward,2023-03-26,2023-04-19,2023-08-14,8.73,2,Draw,117,9.31,8.620000000000001,0.6899999999999995
Player_93,Team A,29,Midfielder,2023-05-26,2023-03-17,2023-12-22,5.97,2,Loss,280,6.24,5.46,0.7800000000000002
Player_3,Team A,27,Goalkeeper,2023-11-19,2023-01-30,2023-04-26,8.64,0,Loss,86,9.13,8.24,0.8900000000000006
Player_20,Team B,23,Goalkeeper,2023-02-11,2023-11-10,2024-01-09,8.54,2,Loss,60,8.7,8.389999999999999,0.3100000000000005
Player_59,Team A,25,Midfielder,2023-05-05,2023-04-27,2023-12-12,7.84,2,Win,229,8.14,7.33,0.8100000000000005
Player_36,Team C,19,Goalkeeper,2023-06-16,2023-12-22,2024-01-04,6.68,0,Win,13,7.109999999999999,6.35,0.7599999999999998
Player_19,Team E,29,Forward,2023-08-29,2023-07-11,2023-10-21,6.22,2,Draw,102,6.71,5.8,0.9100000000000001
Player_90,Team B,30,Midfielder,2023-10-07,2023-01-19,2024-01-16,6.04,0,Win,362,7.02,5.3,1.7199999999999998
Player_67,Team A,24,Forward,2023-07-07,2023-06-22,2023-07-07,6.43,1,Loss,15,7.26,5.859999999999999,1.4000000000000004
Player_19,Team C,27,Forward,2023-10-29,2023-08-16,2023-11-17,9.07,0,Loss,93,9.83,8.86,0.9700000000000006
Player_20,Team C,30,Forward,2023-01-19,2023-12-16,2023-12-22,5.35,2,Win,6,5.93,4.38,1.5499999999999998
Player_96,Team A,34,Forward,2023-03-09,2023-07-02,2023-07-26,8.73,0,Draw,24,9.59,8.06,1.5299999999999994
Player_71,Team E,31,Midfielder,2023-08-06,2023-04-23,2023-12-27,6.57,2,Draw,248,6.98,5.78,1.2000000000000002
Player_52,Team A,19,Forward,2023-04-12,2023-07-02,2023-10-15,7.35,1,Win,105,8.09,7.18,0.9100000000000001
Player_33,Team B,28,Forward,2023-02-11,2023-05-26,2023-11-16,8.58,0,Draw,174,9.57,8.44,1.1300000000000008
Player_40,Team A,18,Goalkeeper,2023-10-15,2023-11-15,2023-11-22,8.98,1,Draw,7,9.360000000000001,8.860000000000001,0.5
Player_39,Team C,21,Midfielder,2023-06-16,2023-04-26,2023-07-17,6.55,2,Draw,82,7.26,6.279999999999999,0.9800000000000004
Player_82,Team A,28,Midfielder,2023-04-19,2023-04-23,2023-05-08,7.08,2,Loss,15,7.94,6.61,1.33
Player_1,Team E,25,Defender,2023-02-05,2023-09-08,2023-09-30,6.87,1,Loss,22,7.79,5.93,1.8600000000000003
Player_11,Team D,28,Midfielder,2023-08-20,2023-09-08,2023-09-24,5.06,0,Win,16,5.81,4.55,1.2599999999999998
Player_92,Team A,21,Midfielder,2023-08-17,2023-10-30,2023-11-09,6.33,0,Loss,10,6.69,5.97,0.7200000000000006
Player_57,Team E,34,Defender,2023-12-19,2023-11-09,2023-11-18,7.07,2,Draw,9,7.46,6.46,1.0
Player_89,Team E,24,Midfielder,2023-06-13,2023-04-28,2023-12-25,6.85,1,Loss,241,6.97,6.6499999999999995,0.3200000000000003
Player_50,Team C,25,Midfielder,2023-03-14,2023-10-28,2023-11-13,8.25,1,Win,16,9.03,7.6,1.4299999999999997
Player_23,Team E,20,Midfielder,2023-05-16,2023-06-10,2023-06-25,6.73,0,Loss,15,6.87,6.12,0.75
Player_31,Team E,19,Midfielder,2023-12-19,2023-07-17,2023-07-25,7.2,0,Draw,8,8.08,6.390000000000001,1.6899999999999995
Player_94,Team E,32,Defender,2023-03-11,2023-09-17,2023-10-09,6.93,0,Draw,22,7.14,5.9399999999999995,1.2000000000000002
Player_42,Team E,22,Midfielder,2023-07-15,2023-05-28,2023-07-25,8.33,1,Win,58,8.58,8.0,0.5800000000000001
Player_99,Team B,18,Midfielder,2023-09-26,2023-08-28,2023-09-18,8.88,0,Loss,21,9.41,8.32,1.0899999999999999
Player_7,Team B,21,Defender,2023-02-18,2023-02-16,2023-02-20,7.39,0,Loss,4,8.15,6.47,1.6800000000000006
Player_16,Team C,32,Goalkeeper,2023-11-12,2023-07-17,2023-12-15,8.55,2,Loss,151,8.780000000000001,7.74,1.040000000000001
Player_90,Team A,20,Forward,2023-05-10,2023-02-16,2023-04-01,6.34,0,Draw,44,6.84,5.8,1.04
Player_60,Team E,28,Goalkeeper,2023-01-05,2023-03-19,2023-05-16,7.44,0,Win,58,7.970000000000001,6.49,1.4800000000000004
Player_2,Team A,34,Defender,2023-01-27,2023-05-04,2023-10-25,6.55,1,Loss,174,6.84,6.3999999999999995,0.4400000000000004
Player_1,Team A,30,Forward,2023-06-09,2023-03-16,2023-09-05,6.86,1,Draw,173,7.0600000000000005,5.92,1.1400000000000006
Player_48,Team C,28,Defender,2023-05-29,2023-12-25,2024-01-12,8.3,2,Draw,18,9.15,8.15,1.0
Player_12,Team E,19,Defender,2023-09-21,2023-05-17,2023-05-28,8.97,0,Draw,11,9.520000000000001,8.38,1.1400000000000006
Player_69,Team E,26,Midfielder,2023-08-18,2023-03-31,2023-04-22,5.55,2,Loss,22,5.66,4.6499999999999995,1.0100000000000007
Player_37,Team D,19,Forward,2023-07-19,2023-11-21,2023-12-12,7.86,1,Loss,21,8.68,7.5200000000000005,1.1599999999999993
Player_32,Team A,26,Midfielder,2023-02-19,2023-03-02,2023-03-15,7.62,2,Loss,13,8.6,7.09,1.5099999999999998
Player_9,Team A,26,Forward,2023-03-08,2023-05-18,2023-06-17,5.53,1,Loss,30,6.180000000000001,5.140000000000001,1.04
Player_99,Team B,25,Defender,2023-10-27,2023-02-19,2024-01-01,5.95,2,Loss,316,6.5,4.99,1.5099999999999998
Player_19,Team D,34,Defender,2023-02-27,2023-09-16,2023-09-25,6.4,2,Loss,9,7.29,5.5600000000000005,1.7299999999999995
Player_48,Team B,18,Goalkeeper,2023-09-16,2023-04-17,2024-01-10,5.75,0,Loss,268,6.71,5.01,1.7000000000000002
Player_80,Team B,28,Forward,2023-12-08,2023-04-23,2023-07-03,6.1,2,Loss,71,6.88,5.47,1.4100000000000001
Player_3,Team B,25,Midfielder,2023-11-22,2023-12-16,2023-12-27,6.2,0,Loss,11,6.7,5.36,1.3399999999999999
Player_20,Team C,27,Goalkeeper,2023-05-10,2023-09-11,2023-09-30,6.51,0,Draw,19,7.14,6.06,1.08
Player_24,Team C,24,Goalkeeper,2023-08-03,2023-04-28,2023-07-05,8.37,0,Loss,68,9.1,7.869999999999999,1.2300000000000004
Player_54,Team B,20,Goalkeeper,2023-06-21,2023-07-17,2024-01-05,7.57,0,Win,172,7.84,6.8100000000000005,1.0299999999999994
Player_33,Team D,20,Midfielder,2023-09-15,2023-12-03,2024-01-02,9.44,2,Draw,30,9.94,9.02,0.9199999999999999
Player_24,Team A,35,Goalkeeper,2023-04-12,2023-12-31,2024-01-23,6.87,1,Loss,23,7.72,6.71,1.0099999999999998
Player_75,Team D,22,Midfielder,2023-07-28,2023-02-20,2023-12-13,8.39,1,Win,296,9.08,8.22,0.8599999999999994
Player_72,Team E,29,Goalkeeper,2023-10-18,2023-09-02,2023-09-21,8.92,1,Loss,19,9.39,8.72,0.6699999999999999
Player_36,Team C,29,Midfielder,2023-12-20,2023-02-04,2023-05-24,8.06,2,Win,109,8.76,7.180000000000001,1.5799999999999992
Player_38,Team A,23,Defender,2023-10-13,2023-10-29,2023-11-08,6.85,0,Win,10,7.06,6.319999999999999,0.7400000000000002
Player_84,Team A,19,Defender,2023-04-26,2023-03-10,2023-06-04,8.39,1,Win,86,8.850000000000001,7.65,1.200000000000001
Player_99,Team E,29,Defender,2023-09-21,2023-12-15,2024-01-03,5.92,2,Win,19,6.73,5.47,1.2600000000000007
Player_89,Team E,22,Defender,2023-05-30,2023-11-16,2023-11-26,6.47,0,Draw,10,6.77,6.14,0.6299999999999999
Player_99,Team B,29,Defender,2023-10-27,2023-02-18,2023-05-08,7.46,1,Draw,79,7.73,7.05,0.6800000000000006
Player_25,Team C,34,Goalkeeper,2023-02-05,2023-03-15,2023-08-18,7.59,0,Win,156,8.55,6.779999999999999,1.7700000000000014
Player_93,Team C,34,Goalkeeper,2023-11-29,2023-07-11,2023-12-26,5.1,1,Loss,168,5.39,4.4399999999999995,0.9500000000000002
Player_18,Team D,27,Goalkeeper,2023-10-14,2023-09-18,2023-10-05,9.25,1,Win,17,9.58,8.31,1.2699999999999996
Player_82,Team B,34,Midfielder,2023-10-30,2023-12-22,2024-01-03,8.13,1,Draw,12,9.100000000000001,7.420000000000001,1.6800000000000006
Player_66,Team B,32,Midfielder,2023-11-07,2023-03-11,2023-04-04,7.23,0,Loss,24,7.99,6.62,1.37
Player_54,Team B,29,Midfielder,2023-07-27,2023-03-31,2023-10-09,9.2,2,Draw,192,9.93,8.549999999999999,1.3800000000000008
Player_35,Team B,33,Midfielder,2023-04-16,2023-09-17,2023-10-27,6.98,0,Draw,40,7.8500000000000005,6.03,1.8200000000000003
Player_80,Team C,25,Defender,2023-06-07,2023-05-06,2023-05-22,9.41,1,Loss,16,9.61,8.6,1.0099999999999998
Player_61,Team C,34,Defender,2023-05-01,2023-08-19,2023-08-21,7.31,0,Win,2,8.049999999999999,7.1899999999999995,0.8599999999999994
Player_41,Team B,22,Defender,2023-02-24,2023-10-22,2023-12-11,5.51,2,Win,50,6.06,4.93,1.13
Player_100,Team D,33,Forward,2023-01-12,2023-05-09,2023-12-16,8.44,0,Win,221,9.29,7.72,1.5699999999999994
Player_33,Team A,23,Goalkeeper,2023-05-25,2023-10-07,2023-10-29,8.06,2,Win,22,8.620000000000001,7.290000000000001,1.33
Player_68,Team A,25,Midfielder,2023-05-16,2023-11-09,2023-11-26,8.48,2,Loss,17,9.14,8.190000000000001,0.9499999999999993
Player_33,Team D,35,Midfielder,2023-01-03,2023-04-10,2023-04-17,9.28,0,Loss,7,9.809999999999999,8.399999999999999,1.4100000000000001
Player_14,Team B,29,Defender,2023-05-24,2023-11-22,2023-12-12,8.49,1,Loss,20,9.02,7.53,1.4899999999999993
Player_21,Team C,32,Midfielder,2023-01-30,2023-10-24,2023-11-06,7.75,2,Draw,13,8.54,7.44,1.0999999999999988
Player_48,Team A,26,Midfielder,2023-08-25,2023-07-01,2023-07-19,8.86,0,Loss,18,9.53,7.97,1.5599999999999996
Player_20,Team E,30,Goalkeeper,2023-10-06,2023-06-23,2023-07-10,8.03,2,Win,17,8.7,7.839999999999999,0.8600000000000003
Player_8,Team E,32,Defender,2023-12-14,2023-11-12,2023-11-23,6.84,1,Draw,11,7.35,6.6899999999999995,0.6600000000000001
Player_7,Team D,27,Goalkeeper,2023-04-25,2023-12-30,2024-01-18,8.99,0,Win,19,9.57,8.77,0.8000000000000007
Player_67,Team B,33,Forward,2023-04-14,2023-07-07,2023-07-09,6.0,0,Win,2,6.77,5.85,0.9199999999999999
Player_17,Team A,24,Forward,2023-04-28,2023-02-26,2023-05-31,8.22,0,Loss,94,9.06,7.36,1.7000000000000002
Player_33,Team B,34,Forward,2023-01-05,2023-01-31,2023-02-06,8.97,1,Loss,6,9.700000000000001,8.82,0.8800000000000008
Player_48,Team A,24,Defender,2023-12-26,2023-03-25,2023-05-07,8.29,2,Win,43,9.219999999999999,7.949999999999999,1.2699999999999996
Player_76,Team D,31,Midfielder,2023-09-05,2023-06-01,2023-06-25,8.14,0,Win,24,8.98,7.95,1.0300000000000002
Player_59,Team D,32,Defender,2023-12-30,2023-02-05,2024-01-18,8.39,2,Draw,347,9.0,8.020000000000001,0.9799999999999986
Player_86,Team E,24,Defender,2023-11-17,2023-08-01,2023-11-04,7.09,2,Loss,95,7.79,6.91,0.8799999999999999
Player_22,Team B,26,Midfielder,2023-05-01,2023-12-30,2024-01-04,8.93,1,Draw,5,9.86,8.23,1.629999999999999
Player_30,Team E,33,Goalkeeper,2023-10-13,2023-04-16,2023-04-30,5.92,0,Draw,14,6.58,5.7,0.8799999999999999
Player_38,Team B,25,Forward,2023-05-29,2023-12-08,2023-12-23,5.57,2,Draw,15,6.41,4.7,1.71
Player_51,Team E,35,Goalkeeper,2023-03-25,2023-08-08,2023-09-09,6.28,0,Win,32,7.0,5.44,1.5599999999999996
Player_54,Team C,35,Forward,2023-08-19,2023-06-12,2023-12-02,7.39,0,Draw,173,7.989999999999999,7.279999999999999,0.71
Player_8,Team C,24,Defender,2023-10-15,2023-08-08,2023-12-12,7.3,1,Draw,126,7.62,6.39,1.2300000000000004
Player_27,Team C,20,Forward,2023-06-10,2023-09-27,2023-11-29,8.69,0,Win,63,9.17,8.559999999999999,0.6100000000000012
Player_27,Team C,35,Defender,2023-09-29,2023-04-30,2024-01-02,6.82,0,Loss,247,7.79,6.5,1.29
Player_98,Team A,27,Goalkeeper,2023-02-07,2023-12-02,2023-12-18,7.18,2,Loss,16,7.869999999999999,7.05,0.8199999999999994
Player_21,Team C,24,Defender,2023-08-14,2023-07-01,2023-07-22,5.06,1,Draw,21,5.67,4.659999999999999,1.0100000000000007
Player_30,Team D,34,Goalkeeper,2023-05-22,2023-04-16,2023-05-04,6.84,0,Win,18,7.779999999999999,6.279999999999999,1.5
Player_97,Team D,31,Midfielder,2023-10-19,2023-08-05,2023-08-25,7.91,2,Loss,20,8.540000000000001,7.09,1.450000000000001
Player_28,Team A,20,Midfielder,2023-05-31,2023-07-24,2023-08-27,5.07,1,Draw,34,5.640000000000001,4.67,0.9700000000000006
Player_64,Team C,29,Midfielder,2023-04-24,2023-03-11,2023-10-21,6.26,1,Draw,224,7.04,5.529999999999999,1.5100000000000007
Player_97,Team C,30,Defender,2023-08-25,2023-02-13,2023-11-19,5.94,2,Win,279,6.680000000000001,5.67,1.0100000000000007
Player_69,Team C,19,Midfielder,2023-03-07,2023-11-25,2023-12-10,5.19,2,Draw,15,5.460000000000001,4.41,1.0500000000000007
Player_61,Team E,20,Forward,2023-12-27,2023-10-28,2023-11-07,7.16,2,Loss,10,7.68,6.8500000000000005,0.8299999999999992
Player_48,Team B,22,Goalkeeper,2023-12-07,2023-08-16,2023-09-04,5.82,2,Win,19,6.3500000000000005,5.59,0.7600000000000007
Player_19,Team E,28,Goalkeeper,2023-09-15,2023-07-03,2023-07-12,8.34,2,Loss,9,8.78,8.07,0.7099999999999991
Player_4,Team B,25,Forward,2023-09-06,2023-04-17,2023-05-09,8.82,0,Loss,22,9.39,8.56,0.8300000000000001
Player_35,Team C,29,Defender,2023-11-27,2023-03-25,2023-04-16,7.46,0,Loss,22,7.93,6.9,1.0299999999999994
Player_64,Team C,24,Defender,2023-11-19,2023-12-04,2023-12-21,9.42,1,Draw,17,9.7,8.56,1.1399999999999988
Player_49,Team E,32,Goalkeeper,2023-06-29,2023-09-07,2023-09-22,7.03,0,Draw,15,7.5,6.86,0.6399999999999997
Player_17,Team E,34,Midfielder,2023-07-09,2023-12-29,2024-01-16,7.31,0,Loss,18,7.4799999999999995,6.569999999999999,0.9100000000000001
Player_44,Team B,21,Defender,2023-06-03,2023-01-21,2024-01-20,9.45,0,Loss,364,10.069999999999999,8.76,1.3099999999999987
Player_92,Team D,30,Defender,2023-07-15,2023-07-15,2024-01-09,6.04,2,Win,178,6.91,5.15,1.7599999999999998
Player_30,Team B,35,Forward,2023-11-07,2023-06-27,2023-10-21,9.24,1,Win,116,9.99,8.92,1.0700000000000003
Player_93,Team E,18,Forward,2023-09-19,2023-01-07,2023-08-21,5.19,1,Draw,226,5.61,4.680000000000001,0.9299999999999997
Player_46,Team E,33,Midfielder,2023-05-23,2023-03-11,2023-06-17,7.01,1,Draw,98,7.1899999999999995,6.08,1.1099999999999994
Player_6,Team A,30,Defender,2023-12-08,2023-05-07,2023-07-08,5.32,1,Win,62,5.6000000000000005,4.630000000000001,0.9699999999999998
Player_99,Team E,27,Defender,2023-11-12,2023-06-09,2023-12-13,8.28,0,Loss,187,8.87,7.829999999999999,1.04
Player_37,Team A,29,Forward,2023-04-11,2023-09-05,2023-09-13,7.74,0,Draw,8,8.03,7.5200000000000005,0.5099999999999989
Player_24,Team D,19,Defender,2023-09-01,2023-07-22,2023-08-09,8.18,2,Loss,18,8.77,7.84,0.9299999999999997
Player_93,Team B,20,Goalkeeper,2023-01-12,2023-05-28,2023-06-03,6.69,1,Win,6,7.0,6.07,0.9299999999999997
Player_46,Team B,27,Forward,2023-08-27,2023-05-23,2023-12-31,6.66,0,Draw,222,7.5200000000000005,5.91,1.6100000000000003
Player_53,Team A,19,Midfielder,2023-02-18,2023-07-18,2023-07-25,5.2,0,Draw,7,5.66,4.99,0.6699999999999999
Player_95,Team B,30,Forward,2023-02-11,2023-06-03,2023-06-15,6.57,2,Win,12,6.890000000000001,5.930000000000001,0.96
Player_99,Team E,30,Defender,2023-06-15,2023-05-22,2023-07-07,9.18,2,Draw,46,10.01,8.58,1.4299999999999997
Player_60,Team C,35,Midfielder,2023-03-23,2023-11-09,2023-12-05,6.71,2,Win,26,7.12,6.15,0.9699999999999998
Player_97,Team A,20,Forward,2023-10-18,2023-06-14,2023-07-04,8.74,0,Draw,20,8.94,8.02,0.9199999999999999
Player_63,Team B,24,Goalkeeper,2023-06-07,2023-11-10,2023-11-21,8.79,0,Win,11,9.399999999999999,7.9399999999999995,1.459999999999999
Player_85,Team A,31,Goalkeeper,2023-08-04,2023-01-21,2023-06-29,6.68,2,Draw,159,7.3,6.29,1.0099999999999998
Player_32,Team A,34,Forward,2023-06-07,2023-03-23,2023-10-31,7.84,1,Loss,222,8.58,6.9399999999999995,1.6400000000000006
Player_87,Team C,29,Goalkeeper,2023-05-14,2023-03-10,2023-07-07,5.43,2,Loss,119,5.75,5.1899999999999995,0.5600000000000005
Player_33,Team E,33,Goalkeeper,2023-03-08,2023-05-11,2023-06-04,5.47,2,Loss,24,5.97,5.21,0.7599999999999998
Player_67,Team A,29,Goalkeeper,2023-12-02,2023-03-28,2023-08-09,5.22,2,Draw,134,5.569999999999999,4.88,0.6899999999999995
Player_18,Team B,32,Midfielder,2023-01-07,2023-08-06,2023-08-25,7.61,2,Draw,19,7.78,7.4,0.3799999999999999
Player_25,Team D,27,Goalkeeper,2023-01-14,2023-11-01,2023-11-23,6.92,0,Loss,22,7.81,6.61,1.1999999999999993
Player_95,Team A,24,Goalkeeper,2023-03-14,2023-12-11,2023-12-17,7.47,1,Loss,6,8.23,7.27,0.9600000000000009
Player_54,Team A,22,Goalkeeper,2023-06-12,2023-12-07,2023-12-21,7.34,2,Win,14,7.71,6.5,1.21
Player_58,Team C,18,Midfielder,2023-03-07,2023-06-10,2023-06-23,6.58,1,Win,13,7.22,6.35,0.8700000000000001
Player_67,Team E,34,Forward,2023-12-13,2023-06-27,2023-11-02,8.05,1,Win,128,8.33,7.280000000000001,1.049999999999999
Player_46,Team D,20,Defender,2023-05-10,2023-04-27,2023-07-09,8.41,1,Loss,73,9.31,8.27,1.040000000000001
Player_24,Team B,30,Goalkeeper,2023-07-25,2023-07-15,2023-07-28,5.07,2,Loss,13,5.2700000000000005,4.12,1.1500000000000004
Player_32,Team D,31,Forward,2023-10-03,2023-11-23,2023-12-12,5.93,0,Loss,19,6.029999999999999,5.1899999999999995,0.8399999999999999
Player_47,Team B,35,Goalkeeper,2023-09-13,2023-03-27,2023-11-15,8.21,2,Win,233,8.760000000000002,8.100000000000001,0.6600000000000001
Player_86,Team E,21,Midfielder,2023-09-23,2023-10-16,2023-11-03,6.74,1,Draw,18,7.36,5.95,1.4100000000000001
Player_23,Team B,35,Forward,2023-01-25,2023-03-22,2023-04-05,7.98,1,Loss,14,8.6,7.42,1.1799999999999997
Player_66,Team C,22,Midfielder,2023-10-08,2023-06-01,2023-12-29,6.56,0,Draw,211,6.71,5.76,0.9500000000000002
Player_27,Team C,33,Goalkeeper,2023-09-10,2023-03-02,2023-06-30,6.76,2,Draw,120,7.14,6.1899999999999995,0.9500000000000002
Player_2,Team C,18,Goalkeeper,2023-11-06,2023-03-02,2023-06-01,5.71,1,Draw,91,6.26,5.03,1.2299999999999995
Player_90,Team C,31,Midfielder,2023-10-16,2023-12-20,2023-12-31,6.16,0,Win,11,6.45,5.35,1.1000000000000005
Player_17,Team D,32,Defender,2023-06-13,2023-01-28,2023-12-20,7.72,1,Draw,326,8.61,7.26,1.3499999999999996
Player_33,Team E,26,Midfielder,2023-04-05,2023-02-12,2023-03-02,6.95,0,Loss,18,7.13,6.8500000000000005,0.27999999999999936
Player_9,Team B,32,Goalkeeper,2023-09-27,2023-06-18,2023-07-05,8.48,0,Win,17,9.02,7.62,1.3999999999999995
Player_43,Team B,34,Midfielder,2023-11-17,2023-03-27,2024-01-24,8.84,2,Loss,303,9.56,8.4,1.1600000000000001
Player_48,Team C,21,Defender,2023-04-20,2023-06-26,2023-12-15,7.44,1,Loss,172,7.78,6.890000000000001,0.8899999999999997
Player_39,Team C,29,Midfielder,2023-12-02,2023-01-17,2024-01-13,8.41,2,Win,361,9.07,8.3,0.7699999999999996
Player_93,Team A,22,Defender,2023-11-06,2023-04-08,2023-04-16,6.38,1,Loss,8,7.2299999999999995,5.84,1.3899999999999997
Player_42,Team E,22,Defender,2023-08-26,2023-07-17,2023-08-01,6.87,2,Loss,15,7.140000000000001,5.88,1.2600000000000007
Player_26,Team D,28,Midfielder,2023-01-25,2023-04-08,2023-05-01,8.21,1,Win,23,9.14,7.860000000000001,1.2799999999999994
Player_99,Team B,23,Midfielder,2023-05-21,2023-03-06,2023-10-17,6.74,2,Loss,225,7.34,6.28,1.0599999999999996
Player_50,Team A,24,Forward,2023-04-27,2023-11-26,2023-12-12,7.65,0,Draw,16,8.02,6.930000000000001,1.089999999999999
Player_25,Team A,31,Goalkeeper,2023-01-25,2023-12-07,2023-12-12,5.83,1,Loss,5,6.32,5.0,1.3200000000000003
Player_24,Team B,28,Defender,2023-03-20,2023-01-05,2024-01-20,7.7,1,Draw,380,8.08,7.220000000000001,0.8599999999999994
Player_13,Team D,30,Forward,2023-03-09,2023-01-02,2023-09-24,8.88,0,Loss,265,9.63,8.5,1.1300000000000008
Player_60,Team A,19,Midfielder,2023-06-22,2023-01-22,2023-03-16,8.91,2,Win,53,9.73,7.970000000000001,1.7599999999999998
Player_7,Team A,24,Goalkeeper,2023-01-12,2023-04-22,2023-12-03,8.26,1,Win,225,9.11,7.55,1.5599999999999996
Player_57,Team E,21,Forward,2023-10-15,2023-02-26,2023-10-11,8.36,1,Loss,227,9.35,8.149999999999999,1.200000000000001
Player_36,Team D,25,Defender,2023-05-08,2023-03-07,2023-11-19,7.51,2,Win,257,8.32,7.35,0.9700000000000006
Player_45,Team A,30,Forward,2023-04-06,2023-11-26,2023-12-03,7.63,0,Loss,7,8.27,7.09,1.1799999999999997
Player_20,Team D,31,Defender,2023-04-02,2023-04-08,2023-09-07,5.6,2,Win,152,6.01,5.3,0.71
Player_65,Team B,27,Midfielder,2023-05-21,2023-05-24,2023-06-13,7.0,2,Draw,20,7.59,6.67,0.9199999999999999
Player_8,Team C,28,Goalkeeper,2023-01-31,2023-05-05,2023-05-26,7.03,2,Loss,21,7.17,6.140000000000001,1.0299999999999994
Player_16,Team A,19,Goalkeeper,2023-11-30,2023-06-16,2023-07-03,9.31,1,Draw,17,10.08,9.13,0.9499999999999993
Player_14,Team E,26,Goalkeeper,2023-01-20,2023-03-27,2023-04-16,6.94,0,Draw,20,7.44,6.2,1.2400000000000002
Player_76,Team B,34,Midfielder,2023-05-26,2023-03-17,2023-07-04,7.47,0,Loss,109,7.59,7.13,0.45999999999999996
Player_87,Team D,20,Defender,2023-11-12,2023-12-10,2023-12-17,7.4,2,Draw,7,7.5600000000000005,6.62,0.9400000000000004
Player_15,Team B,23,Midfielder,2023-06-09,2023-10-21,2023-12-28,7.87,1,Loss,68,8.32,7.12,1.2000000000000002
Player_92,Team A,22,Goalkeeper,2023-12-15,2023-02-28,2023-03-18,8.37,2,Draw,18,9.0,8.26,0.7400000000000002
Player_98,Team D,22,Midfielder,2023-02-12,2023-05-18,2023-05-30,6.01,1,Loss,12,6.529999999999999,5.449999999999999,1.08
Player_66,Team C,32,Midfielder,2023-09-11,2023-04-09,2023-06-21,7.38,1,Loss,73,8.04,7.1499999999999995,0.8899999999999997
Player_32,Team B,34,Midfielder,2023-05-10,2023-07-11,2023-08-17,8.72,1,Win,37,9.25,7.840000000000001,1.4099999999999993
Player_87,Team A,26,Defender,2023-03-01,2023-08-31,2023-10-09,7.08,1,Loss,39,7.78,6.2,1.58
Player_63,Team E,20,Forward,2023-05-31,2023-11-15,2023-11-20,6.25,0,Loss,5,6.55,5.77,0.7800000000000002
Player_86,Team D,34,Forward,2023-10-14,2023-02-18,2023-10-27,7.95,1,Draw,251,8.15,7.45,0.7000000000000002
Player_51,Team B,27,Midfielder,2023-01-05,2023-02-01,2023-04-12,8.71,1,Loss,70,9.350000000000001,8.340000000000002,1.0099999999999998
Player_25,Team B,20,Forward,2023-09-23,2023-10-04,2023-10-19,5.28,2,Win,15,5.82,4.54,1.2800000000000002
Player_58,Team C,35,Forward,2023-12-11,2023-01-20,2023-05-22,8.5,2,Draw,122,8.62,8.08,0.5399999999999991
Player_63,Team C,35,Midfielder,2023-05-10,2023-06-03,2023-06-20,8.7,0,Draw,17,9.139999999999999,8.36,0.7799999999999994
Player_62,Team E,34,Midfielder,2023-09-24,2023-03-09,2023-09-04,7.08,2,Win,179,7.28,6.59,0.6900000000000004
Player_22,Team E,20,Goalkeeper,2023-06-27,2023-08-02,2023-10-16,9.42,1,Draw,75,10.0,9.24,0.7599999999999998
Player_58,Team A,20,Forward,2023-09-10,2023-05-23,2023-06-11,8.54,2,Draw,19,9.0,7.77,1.2300000000000004
Player_58,Team A,23,Defender,2023-02-25,2023-08-20,2023-08-25,8.48,0,Draw,5,9.13,8.370000000000001,0.7599999999999998
Player_86,Team E,30,Midfielder,2023-03-24,2023-08-01,2023-08-12,8.37,2,Draw,11,9.2,7.6899999999999995,1.5099999999999998
Player_49,Team E,32,Goalkeeper,2023-04-09,2023-03-20,2023-11-26,5.68,2,Win,251,6.05,5.42,0.6299999999999999
Player_52,Team D,26,Defender,2023-05-29,2023-08-02,2023-08-18,5.98,0,Win,16,6.95,5.670000000000001,1.2799999999999994
Player_42,Team C,21,Forward,2023-11-25,2023-04-26,2024-01-08,7.09,0,Draw,257,7.67,6.42,1.25
Player_70,Team A,31,Goalkeeper,2023-06-05,2023-04-02,2024-01-04,6.19,1,Draw,277,6.8500000000000005,5.2,1.6500000000000004
Player_15,Team C,22,Midfielder,2023-07-09,2023-09-27,2023-11-29,6.87,2,Win,63,7.58,6.07,1.5099999999999998
Player_54,Team C,19,Defender,2023-09-20,2023-06-17,2023-12-28,9.0,1,Win,194,9.7,8.7,1.0
Player_60,Team E,28,Midfielder,2023-03-21,2023-02-27,2023-03-16,8.71,2,Win,17,9.270000000000001,8.450000000000001,0.8200000000000003
Player_97,Team D,26,Forward,2023-09-09,2023-10-11,2024-01-01,7.84,2,Draw,82,8.33,6.96,1.37
Player_8,Team B,20,Defender,2023-04-07,2023-01-26,2023-05-12,8.86,1,Draw,106,9.01,8.36,0.6500000000000004
Player_53,Team D,26,Forward,2023-09-17,2023-03-07,2023-03-24,8.53,2,Loss,17,8.649999999999999,8.309999999999999,0.33999999999999986
Player_60,Team D,20,Forward,2023-09-17,2023-09-05,2023-10-08,6.93,2,Win,33,7.35,6.05,1.2999999999999998
Player_5,Team C,19,Goalkeeper,2023-04-13,2023-09-11,2023-12-15,5.9,2,Draw,95,6.300000000000001,5.07,1.2300000000000004
Player_68,Team D,29,Midfielder,2023-02-09,2023-02-13,2023-02-23,7.31,0,Win,10,7.76,6.319999999999999,1.4400000000000004
Player_6,Team A,27,Defender,2023-09-30,2023-04-07,2023-12-05,8.31,1,Draw,242,8.530000000000001,7.390000000000001,1.1400000000000006
Player_96,Team C,26,Forward,2023-04-11,2023-02-11,2023-05-24,6.96,0,Win,102,7.72,6.09,1.63
Player_94,Team A,32,Forward,2023-12-25,2023-08-15,2024-01-01,8.0,1,Draw,139,8.87,7.85,1.0199999999999996
Player_47,Team B,25,Defender,2023-11-04,2023-09-19,2023-12-18,5.42,1,Loss,90,6.359999999999999,5.2299999999999995,1.13
Player_99,Team C,22,Forward,2023-08-09,2023-06-16,2023-07-03,8.37,2,Loss,17,8.91,7.759999999999999,1.1500000000000012
Player_55,Team B,28,Goalkeeper,2023-11-04,2023-10-06,2023-11-14,8.66,1,Win,39,9.39,8.08,1.3100000000000005
Player_40,Team C,19,Goalkeeper,2023-05-04,2023-03-30,2023-06-07,8.18,0,Draw,69,9.049999999999999,7.67,1.379999999999999
Player_52,Team E,32,Goalkeeper,2023-08-19,2023-06-27,2023-07-21,9.35,0,Draw,24,9.83,8.889999999999999,0.9400000000000013
Player_16,Team D,23,Goalkeeper,2023-06-27,2023-07-16,2024-01-17,8.72,0,Win,185,9.100000000000001,8.23,0.870000000000001
Player_13,Team E,25,Forward,2023-03-04,2023-11-03,2023-11-24,9.06,1,Draw,21,10.0,8.450000000000001,1.549999999999999
Player_30,Team B,22,Defender,2023-04-26,2023-09-24,2023-10-07,9.2,0,Win,13,9.76,9.1,0.6600000000000001
Player_19,Team D,33,Defender,2023-07-10,2023-09-25,2023-10-01,8.61,1,Draw,6,9.16,8.28,0.8800000000000008
Player_17,Team C,35,Defender,2023-03-03,2023-03-15,2023-10-06,8.03,0,Win,205,8.29,7.459999999999999,0.8300000000000001
Player_63,Team D,23,Defender,2023-09-13,2023-01-08,2023-12-31,5.03,0,Draw,357,5.23,4.28,0.9500000000000002
Player_19,Team A,22,Midfielder,2023-01-07,2023-10-24,2023-11-03,7.1,1,Win,10,7.96,6.84,1.12
Player_92,Team D,33,Defender,2023-06-04,2023-06-13,2023-09-06,7.57,0,Draw,85,8.22,6.98,1.2400000000000002
Player_58,Team A,30,Midfielder,2023-04-02,2023-03-26,2023-09-16,6.37,2,Loss,174,6.76,5.63,1.13
Player_55,Team D,22,Midfielder,2023-01-14,2023-03-13,2023-06-15,6.43,1,Draw,94,6.699999999999999,5.93,0.7699999999999996
Player_90,Team A,30,Goalkeeper,2023-08-17,2023-02-24,2023-09-18,9.33,1,Win,206,9.93,9.21,0.7199999999999989
Player_90,Team B,34,Midfielder,2023-03-27,2023-02-16,2023-10-27,9.01,1,Loss,253,9.64,8.51,1.1300000000000008
Player_62,Team E,35,Forward,2023-05-13,2023-08-26,2023-09-13,8.82,2,Draw,18,9.11,8.450000000000001,0.6599999999999984
Player_23,Team C,25,Midfielder,2023-07-02,2023-04-14,2023-12-14,6.83,1,Loss,244,7.7,5.890000000000001,1.8099999999999996
Player_9,Team D,30,Goalkeeper,2023-03-03,2023-07-29,2023-08-10,5.06,0,Draw,12,5.239999999999999,4.85,0.3899999999999997
Player_12,Team E,20,Midfielder,2023-08-07,2023-02-11,2023-10-19,5.36,0,Loss,250,5.78,4.67,1.1100000000000003
Player_1,Team C,25,Forward,2023-09-03,2023-11-12,2023-11-19,6.4,0,Win,7,7.11,6.25,0.8600000000000003
Player_58,Team C,19,Forward,2023-08-18,2023-09-25,2023-09-30,5.07,1,Draw,5,5.42,4.57,0.8499999999999996
Player_1,Team A,25,Forward,2023-03-20,2023-09-20,2023-10-13,5.08,0,Draw,23,5.92,4.48,1.4399999999999995
Player_34,Team B,30,Goalkeeper,2023-05-29,2023-12-02,2023-12-24,9.12,1,Win,22,9.889999999999999,8.75,1.1399999999999988
Player_96,Team B,30,Goalkeeper,2023-05-18,2023-12-31,2024-01-21,8.18,0,Loss,21,8.99,7.67,1.3200000000000003
Player_48,Team E,18,Defender,2023-11-10,2023-09-16,2023-10-10,6.39,2,Win,24,6.6,6.14,0.45999999999999996
Player_89,Team B,23,Goalkeeper,2023-03-06,2023-10-10,2023-10-27,5.6,2,Win,17,5.83,5.2299999999999995,0.6000000000000005
Player_1,Team D,33,Forward,2023-01-13,2023-04-24,2023-05-28,7.3,2,Loss,34,7.66,6.64,1.0200000000000005
Player_16,Team B,25,Forward,2023-08-01,2023-12-29,2024-01-07,5.02,2,Win,9,5.59,4.6499999999999995,0.9400000000000004
Player_61,Team E,18,Goalkeeper,2023-08-30,2023-02-09,2023-10-14,9.22,1,Draw,247,9.99,8.31,1.6799999999999997
Player_64,Team B,33,Midfielder,2023-08-01,2023-08-08,2023-12-02,6.87,0,Draw,116,7.72,6.2,1.5199999999999996
Player_63,Team D,26,Goalkeeper,2023-06-30,2023-05-09,2023-07-17,6.81,2,Draw,69,7.539999999999999,6.319999999999999,1.2199999999999998
Player_69,Team A,30,Goalkeeper,2023-12-04,2023-01-08,2023-03-13,6.76,1,Win,64,7.699999999999999,6.63,1.0699999999999994
Player_22,Team E,28,Forward,2023-06-22,2023-04-11,2023-06-01,5.31,2,Draw,51,6.069999999999999,4.76,1.3099999999999996
Player_93,Team A,30,Defender,2023-06-09,2023-06-25,2023-09-23,7.87,2,Draw,90,8.25,7.08,1.17
Player_67,Team A,27,Forward,2023-06-13,2023-04-17,2023-07-03,8.3,1,Draw,77,8.64,7.960000000000001,0.6799999999999997
